<?xml version="1.0" encoding="UTF-8"?>
<project-private xmlns="http://www.netbeans.org/ns/project-private/1">
    <editor-bookmarks xmlns="http://www.netbeans.org/ns/editor-bookmarks/2" lastBookmarkId="0"/>
    <open-files xmlns="http://www.netbeans.org/ns/projectui-open-files/2">
        <group>
            <file>file:/C:/Users/ege_z/Desktop/LibraryManagementProject/src/Models/UserModel.java</file>
            <file>file:/C:/Users/ege_z/Desktop/LibraryManagementProject/src/Service/BookService.java</file>
            <file>file:/C:/Users/ege_z/Desktop/LibraryManagementProject/src/ClassImplemantation/Application.java</file>
            <file>file:/C:/Users/ege_z/Desktop/LibraryManagementProject/src/Panel/UserBooksPage.java</file>
            <file>file:/C:/Users/ege_z/Desktop/LibraryManagementProject/src/Service/UserService.java</file>
            <file>file:/C:/Users/ege_z/Desktop/LibraryManagementProject/src/Panel/UserPage.java</file>
            <file>file:/C:/Users/ege_z/Desktop/LibraryManagementProject/src/Service/FileService.java</file>
            <file>file:/C:/Users/ege_z/Desktop/LibraryManagementProject/src/Interface/CrudRepository.java</file>
            <file>file:/C:/Users/ege_z/Desktop/LibraryManagementProject/src/Panel/LoginPage.java</file>
            <file>file:/C:/Users/ege_z/Desktop/LibraryManagementProject/src/Panel/UserPanel.java</file>
            <file>file:/C:/Users/ege_z/Desktop/LibraryManagementProject/src/Interface/UserRepository.java</file>
        </group>
    </open-files>
</project-private>
